{
  "facets": {
    "document_rank_order": {
      "n_items": 1138,
      "sigma_pi_mean": 0.09657223339173732,
      "sigma_pi_median": 0.09657354283569933,
      "sigma_pi_q25": 0.0964986353311411,
      "sigma_pi_q75": 0.09664338961784288,
      "sigma_pi_min": 0.0962733022090434,
      "sigma_pi_max": 0.09693512536309383,
      "delta_n": 12,
      "delta_mean": -0.0007103240002535307,
      "delta_abs_mean": 0.009975625158306184,
      "delta_min": -0.01884590353765694,
      "delta_max": 0.01897620897075817
    },
    "evidence_chunk_order": {
      "n_items": 786,
      "sigma_pi_mean": 0.10502295155341075,
      "sigma_pi_median": 0.10501779081167795,
      "sigma_pi_q25": 0.10494130594955986,
      "sigma_pi_q75": 0.10510657572573755,
      "sigma_pi_min": 0.10461780724572128,
      "sigma_pi_max": 0.10542856336505196,
      "delta_n": 12,
      "delta_mean": -0.0007154301559146424,
      "delta_abs_mean": 0.011778593927312805,
      "delta_min": -0.02432925446680906,
      "delta_max": 0.022819229563378493
    },
    "image_set_order": {
      "n_items": 213,
      "sigma_pi_mean": 0.15182939654073954,
      "sigma_pi_median": 0.15182429779655357,
      "sigma_pi_q25": 0.15170069599822655,
      "sigma_pi_q75": 0.15196493333036365,
      "sigma_pi_min": 0.15134600051358013,
      "sigma_pi_max": 0.152260903860383,
      "delta_n": 12,
      "delta_mean": -0.004478074639547987,
      "delta_abs_mean": 0.02160977111343557,
      "delta_min": -0.047438854757128834,
      "delta_max": 0.05444339419112852
    },
    "mixed_modality_order": {
      "n_items": 597,
      "sigma_pi_mean": 0.26490162863623734,
      "sigma_pi_median": 0.2649012340126951,
      "sigma_pi_q25": 0.2646656181268759,
      "sigma_pi_q75": 0.26514336070740996,
      "sigma_pi_min": 0.2637801860057064,
      "sigma_pi_max": 0.26605263809799284,
      "delta_n": 18,
      "delta_mean": -4.795819522373031,
      "delta_abs_mean": 4.795819522373031,
      "delta_min": -4.814144957867348,
      "delta_max": -4.777560532015923
    },
    "option_order": {
      "n_items": 878,
      "sigma_pi_mean": 0.0875362692055159,
      "sigma_pi_median": 0.08753572203188568,
      "sigma_pi_q25": 0.08746844843729723,
      "sigma_pi_q75": 0.08760429741855282,
      "sigma_pi_min": 0.0872426755242229,
      "sigma_pi_max": 0.08802995672676484,
      "delta_n": 12,
      "delta_mean": -0.0003141991479608472,
      "delta_abs_mean": 0.0026193913528718867,
      "delta_min": -0.010577337578652514,
      "delta_max": 0.004479993762342676
    }
  }
}