{
  "facets": {
    "document_rank_order": {
      "n_items": 1139,
      "sigma_pi_mean": 0.039167050449026235,
      "sigma_pi_median": 0.03916991916851607,
      "sigma_pi_q25": 0.039111357662270536,
      "sigma_pi_q75": 0.039222383029877114,
      "sigma_pi_min": 0.038474497047855605,
      "sigma_pi_max": 0.03962670961123509,
      "delta_n": 12,
      "delta_mean": 0.00024464895828072466,
      "delta_abs_mean": 0.011458612395208734,
      "delta_min": -0.05049161244731773,
      "delta_max": 0.017952596318280428
    },
    "evidence_chunk_order": {
      "n_items": 786,
      "sigma_pi_mean": 0.04646949320105496,
      "sigma_pi_median": 0.046468306237929656,
      "sigma_pi_q25": 0.046408931717388496,
      "sigma_pi_q75": 0.04652774522895764,
      "sigma_pi_min": 0.046136468620788955,
      "sigma_pi_max": 0.046847901960339874,
      "delta_n": 12,
      "delta_mean": -0.00010973449247018897,
      "delta_abs_mean": 0.005072506706890393,
      "delta_min": -0.018214227807401655,
      "delta_max": 0.009791056635937627
    },
    "image_set_order": {
      "n_items": 213,
      "sigma_pi_mean": 0.07357222609301405,
      "sigma_pi_median": 0.0735808501387487,
      "sigma_pi_q25": 0.07348358304212489,
      "sigma_pi_q75": 0.07364855632306497,
      "sigma_pi_min": 0.07318629239831602,
      "sigma_pi_max": 0.07395420669906164,
      "delta_n": 12,
      "delta_mean": -0.00014266985534475097,
      "delta_abs_mean": 0.004745809334234852,
      "delta_min": -0.007652411795996005,
      "delta_max": 0.014962491414092997
    },
    "mixed_modality_order": {
      "n_items": 597,
      "sigma_pi_mean": 0.0555905518489243,
      "sigma_pi_median": 0.05558853844502637,
      "sigma_pi_q25": 0.05551958770271592,
      "sigma_pi_q75": 0.05565706637158525,
      "sigma_pi_min": 0.0552150423349238,
      "sigma_pi_max": 0.05599961384544572,
      "delta_n": 18,
      "delta_mean": -0.0007153343921031921,
      "delta_abs_mean": 0.02861920192516388,
      "delta_min": -0.11917376517501331,
      "delta_max": 0.05565125418551494
    },
    "option_order": {
      "n_items": 879,
      "sigma_pi_mean": 0.05210335213553316,
      "sigma_pi_median": 0.05210602523786787,
      "sigma_pi_q25": 0.052033690832530524,
      "sigma_pi_q75": 0.05217577507842101,
      "sigma_pi_min": 0.05161944719570611,
      "sigma_pi_max": 0.05267632467910231,
      "delta_n": 12,
      "delta_mean": -0.00019881891876797445,
      "delta_abs_mean": 0.0023624110965525216,
      "delta_min": -0.005840974344108095,
      "delta_max": 0.005287640802355631
    }
  }
}