facet,flip_rate
document_rank_order,0.26114872011574225
evidence_chunk_order,0.40562748961061834
image_set_order_screened,0.2435185185185185
mean5,0.35404413083416103
mixed_modality_order,0.4968703703703704
option_order,0.3630555555555556
